{
    "window_width": 900,
    "window_height": 900,
    "default_delay": 1,
    "game_precision": 25,
    "test_config": {
        "c": [ 
            2.0,
            16291.39860579735,
            32.23526585564162,
            1.1611925641121859,
            177.92268533160322,
            1.110998454325542,
            109.91868406501699,
            1.4126060119073411,
            97.3129951329145,
            1.4853361492333204,
            0.0,
            1.9855162622416769,
            0.0,
            1.9535144860951512,
            0.9446338213584226,
            1.0,
            0.8583524202396341,
            1.7956120159534394,
            0.5924541977389187,
            1.0,
            1.4493703224545265,
            1.0,
            0.8434569813793386,
            2.0,
            0.27326505103625215,
            2.0,
            85.43056974694086,
            4.340139611659295,
            0.0,
            11.61294560607736,
            17.606205064632793,
            19.857292193646263,
            13.974117720750952,
            18.314016049429092
        ],
        "seed": 0
    },
    "game_config": {
        "asteroid_shapes": [
            [ [ -0.1, 0 ], [ 0.75, 0 ], [ 1.5, 0.4 ], [ 1.2, 1 ], [ 1.5, 1.6 ], [ 1, 2.1 ], [ 0.45, 1.6 ], [ -0.1, 2.1 ], [ -0.7, 1.6 ], [ -0.7, 0.4 ] ],
            [ [ -0.25, 0 ], [ 0.75, 0.3 ], [ 1.15, 0 ], [ 1.5, 0.5 ], [ 0.6, 0.9 ], [ 1.5, 1.35 ], [ 1.5, 1.55 ], [ 0.5, 2.1 ], [ -0.25, 2.1 ], [ 0, 1.5 ], [ -0.7, 1.5 ], [ -0.7, 0.75 ] ],
            [ [ -0.25, 0 ], [ 0.1, 0.25 ], [ 1, 0 ], [ 1.5, 0.75 ], [ 1, 1.2 ], [ 1.5, 1.7 ], [ 1, 2.1 ], [ 0.4, 1.7 ], [ -0.25, 2.1 ], [ -0.75, 1.5 ], [ -0.4, 0.9 ], [ -0.7, 0.4 ] ]
        ],
        "asteroid_sizes": [ 10, 25, 40 ],
        "asteroid_rotation_speed_range": [ 0, 0.02 ],
        "asteroid_size_speed_scaling": [ 3, 2, 1 ],
        "asteroid_invincibility_time": 100,
        "saucer_shape": [ [ 0.2, 0 ], [ 0.6, -0.2 ], [ 0.2, -0.4 ], [ 0.15, -0.6 ], [ -0.15, -0.6 ], [ -0.2, -0.4 ], [ -0.6, -0.2 ], [ -0.2, 0 ] ],
        "saucer_sizes": [ 40, 50 ],
        "saucer_bullet_life": 200,
        "ship_width": 30,
        "ship_height": 16,
        "ship_rotation_speed": 0.07,
        "ship_acceleration": 0.2,
        "ship_drag_coefficient": 0.0025,
        "ship_fire_rate": 0.05,
        "ship_bullet_speed": 10,
        "ship_bullet_life": 60,
        "game_lives": 1,
        "game_extra_life_point_value": 10000,
        "game_asteroid_point_value": 50,
        "game_saucer_point_value": 0
    },
    "training_config": {
        "save": 1,
        "evaluator_count": 14,
        "generation_size": 1000,
        "random_starting_weights": false,
        "default_starting_weights": [
            2,
            1291.145791273453,
            32.23526585564162,
            1,
            111.09537111091456,
            1,
            94.3496383832352,
            1,
            0.14892791990652504,
            2,
            0.1,
            2,
            0,
            2,
            0.45032563356067007,
            1,
            0.574957150858413,
            2,
            0.21534787885974632,
            1,
            1.339729100705285,
            1,
            0.90315100413843,
            2,
            0.033932958332917984,
            2,
            100,
            5,
            10,
            9.577048531766428,
            22.62230017174059,
            22.19262960578817,
            12.240252379993821,
            15.520887296916765
        ],
        "training_generations": [
            {
                "seed": 7777,
                "seed_count": 25,
                "trial_count": 5,
                "generations_count": 100,
                "carry_over_count": 500,
                "mutation_rate": 0.1,
                "shift_mutation_rate": 0.25,
                "mutation_weight": 0.1,
                "combination_count": 2,
                "softmax_weight": 1,
                "fitness_weights": [ 1, 0, 0, -25 ],
                "catch_up_threshold": 1,
                "exploration_threshold": 3,
                "exploration_multiplier": 3,
                "weight_ranges": [
                    [ 2, 2, 1 ],
                    [ 0, 1e6, 0 ],
                    [ 0, 1e3, 0 ],
                    [ 1, 2, 1 ],
                    [ 0, 1e3, 0 ],
                    [ 1, 2, 1 ],
                    [ 0, 1e3, 0 ],
                    [ 1, 2, 1 ],
                    [ 0, 1e3, 0 ],
                    [ 1, 2, 1 ],
                    [ 0, 1e3, 0 ],
                    [ 1, 2, 1 ],
                    [ 0, 1e3, 0 ],
                    [ 1, 2, 1 ],
                    [ 0, 2, 0 ],
                    [ 1, 2, 1 ],
                    [ 0, 2, 0 ],
                    [ 1, 2, 1 ],
                    [ 0, 2, 0 ],
                    [ 1, 2, 1 ],
                    [ 0, 2, 0 ],
                    [ 1, 2, 1 ],
                    [ 0, 2, 0 ],
                    [ 1, 2, 1 ],
                    [ 0, 2, 0 ],
                    [ 1, 2, 1 ],
                    [ 0, 200 ],
                    [ 0, 100 ],
                    [ 0, 100 ],
                    [ 0, 14 ],
                    [ 0, 34 ],
                    [ 0, 53 ],
                    [ 0, 27 ],
                    [ 0, 32 ]
                ],
                "c_groups": [
                    [ 0 ],
                    [ 1 ],
                    [ 2, 3 ],
                    [ 4, 5 ],
                    [ 6, 7 ],
                    [ 8, 9 ],
                    [ 10, 11 ],
                    [ 12, 13 ],
                    [ 14, 15 ],
                    [ 16, 17 ],
                    [ 18, 19 ],
                    [ 20, 21 ],
                    [ 22, 23 ],
                    [ 24, 25 ],
                    [ 26 ],
                    [ 27, 28 ],
                    [ 29 ],
                    [ 30 ],
                    [ 31 ],
                    [ 32 ],
                    [ 33 ]
                ]
            }
        ],
        "evaluation_generation": {
            "seed": 12345,
            "trial_count": 100,
            "fitness_weights": [ 1, 0, 0, 0 ]
        }
    }
}
