{
    "window_width": 1200,
    "window_height": 700,
    "default_delay": 1,
    "game_precision": 25,
    "test_config": {
        "c": [ 
            0.010332242551710238,
            0.0,
            0.0,
            0.0,
            0.29509839497671997,
            0.012333384534949034,
            2.728574181998458,
            0.0019877056237156874,
            0.3883835698244484,
            0.0,
            0.8092205589231953,
            0.0,
            0.0,
            0.0,
            0.7185889192459176,
            0.15083618706375226,
            0.0,
            0.12099783529592341,
            1.4293190948189278,
            0.0,
            2.0930490002199416,
            0.02995325134300095,
            2.9146018196525465,
            0.04731623829825776,
            1.063808151642744,
            0.0,
            0.0,
            70.17990155200877,
            93.06221188928296,
            10.78940138879094,
            25.73688458225908,
            27.04324522549312,
            19.944203152587853,
            26.16322174213652
        ],
        "seed": 0
    },
    "game_config": {
        "asteroid_shapes": [
            [ [ -0.1, 0 ], [ 0.75, 0 ], [ 1.5, 0.4 ], [ 1.2, 1 ], [ 1.5, 1.6 ], [ 1, 2.1 ], [ 0.45, 1.6 ], [ -0.1, 2.1 ], [ -0.7, 1.6 ], [ -0.7, 0.4 ] ],
            [ [ -0.25, 0 ], [ 0.75, 0.3 ], [ 1.15, 0 ], [ 1.5, 0.5 ], [ 0.6, 0.9 ], [ 1.5, 1.35 ], [ 1.5, 1.55 ], [ 0.5, 2.1 ], [ -0.25, 2.1 ], [ 0, 1.5 ], [ -0.7, 1.5 ], [ -0.7, 0.75 ] ],
            [ [ -0.25, 0 ], [ 0.1, 0.25 ], [ 1, 0 ], [ 1.5, 0.75 ], [ 1, 1.2 ], [ 1.5, 1.7 ], [ 1, 2.1 ], [ 0.4, 1.7 ], [ -0.25, 2.1 ], [ -0.75, 1.5 ], [ -0.4, 0.9 ], [ -0.7, 0.4 ] ]
        ],
        "asteroid_sizes": [ 10, 25, 40 ],
        "asteroid_rotation_speed_range": [ 0, 0.02 ],
        "asteroid_size_speed_scaling": [ 3, 2, 1 ],
        "asteroid_invincibility_time": 100,
        "saucer_shape": [ [ 0.2, 0 ], [ 0.6, -0.2 ], [ 0.2, -0.4 ], [ 0.15, -0.6 ], [ -0.15, -0.6 ], [ -0.2, -0.4 ], [ -0.6, -0.2 ], [ -0.2, 0 ] ],
        "saucer_sizes": [ 40, 50 ],
        "saucer_bullet_life": 200,
        "ship_width": 30,
        "ship_height": 16,
        "ship_rotation_speed": 0.07,
        "ship_acceleration": 0.2,
        "ship_drag_coefficient": 0.0025,
        "ship_fire_rate": 0.05,
        "ship_bullet_speed": 10,
        "ship_bullet_life": 60,
        "game_lives": 1,
        "game_extra_life_point_value": 10000,
        "game_asteroid_point_value": 50,
        "game_saucer_point_value": 0
    },
    "training_config": {
        "save": 2,
        "evaluator_count": 14,
        "generation_size": 1000,
        "random_starting_weights": false,
        "default_starting_weights": [
            0.01,
            0,
            0,
            0,
            0,
            0,
            0,
            0,
            0,
            0,
            0,
            0,
            0,
            0,
            0,
            0,
            0,
            0,
            0,
            0,
            0,
            0,
            0,
            0,
            0,
            0,
            0,
            100,
            100,
            14, 
            34, 
            53, 
            27, 
            32
        ],
        "training_generations": [
            {
                "seed": 7777,
                "seed_count": 25,
                "trial_count": 5,
                "generations_count": 100,
                "carry_over_count": 500,
                "mutation_rate": 0.1,
                "shift_mutation_rate": 0.25,
                "mutation_weight": 0.1,
                "combination_count": 2,
                "softmax_weight": 1,
                "fitness_weights": [ 1, 0, -0.2, -25 ],
                "catch_up_threshold": 1,
                "exploration_threshold": 3,
                "exploration_multiplier": 3,
                "weight_ranges": [
                    [ 0, 1 ],
                    [ 0, 10 ],
                    [ 0, 10 ],
                    [ 0, 1 ],
                    [ 0, 10 ],
                    [ 0, 1 ],
                    [ 0, 10 ],
                    [ 0, 1 ],
                    [ 0, 10 ],
                    [ 0, 1 ],
                    [ 0, 10 ],
                    [ 0, 1 ],
                    [ 0, 10 ],
                    [ 0, 1 ],
                    [ 0, 10 ],
                    [ 0, 1 ],
                    [ 0, 10 ],
                    [ 0, 1 ],
                    [ 0, 10 ],
                    [ 0, 1 ],
                    [ 0, 10 ],
                    [ 0, 1 ],
                    [ 0, 10 ],
                    [ 0, 1 ],
                    [ 0, 10 ],
                    [ 0, 1 ],
                    [ 0, 200 ],
                    [ 0, 100 ],
                    [ 0, 100 ],
                    [ 0, 14 ],
                    [ 0, 34 ],
                    [ 0, 53 ],
                    [ 0, 27 ],
                    [ 0, 32 ]
                ],
                "c_groups": [
                    [ 0 ],
                    [ 1 ],
                    [ 2, 3 ],
                    [ 4, 5 ],
                    [ 6, 7 ],
                    [ 8, 9 ],
                    [ 10, 11 ],
                    [ 12, 13 ],
                    [ 14, 15 ],
                    [ 16, 17 ],
                    [ 18, 19 ],
                    [ 20, 21 ],
                    [ 22, 23 ],
                    [ 24, 25 ],
                    [ 26 ],
                    [ 27, 28 ],
                    [ 29 ],
                    [ 30 ],
                    [ 31 ],
                    [ 32 ],
                    [ 33 ]
                ]
            },
            {
                "seed": 7777,
                "seed_count": 50,
                "trial_count": 5,
                "generations_count": 200,
                "carry_over_count": 500,
                "mutation_rate": 0.1,
                "shift_mutation_rate": 0.25,
                "mutation_weight": 0.1,
                "combination_count": 2,
                "softmax_weight": 1,
                "fitness_weights": [ 1, 0, 0, -25 ],
                "catch_up_threshold": 1,
                "exploration_threshold": 3,
                "exploration_multiplier": 3,
                "weight_ranges": [
                    [ 0, 1 ],
                    [ 0, 10 ],
                    [ 0, 10 ],
                    [ 0, 1 ],
                    [ 0, 10 ],
                    [ 0, 1 ],
                    [ 0, 10 ],
                    [ 0, 1 ],
                    [ 0, 10 ],
                    [ 0, 1 ],
                    [ 0, 10 ],
                    [ 0, 1 ],
                    [ 0, 10 ],
                    [ 0, 1 ],
                    [ 0, 10 ],
                    [ 0, 1 ],
                    [ 0, 10 ],
                    [ 0, 1 ],
                    [ 0, 10 ],
                    [ 0, 1 ],
                    [ 0, 10 ],
                    [ 0, 1 ],
                    [ 0, 10 ],
                    [ 0, 1 ],
                    [ 0, 10 ],
                    [ 0, 1 ],
                    [ 0, 200 ],
                    [ 0, 100 ],
                    [ 0, 100 ],
                    [ 0, 14 ],
                    [ 0, 34 ],
                    [ 0, 53 ],
                    [ 0, 27 ],
                    [ 0, 32 ]
                ],